symbol,instrumentId,closeTime,netProfit,positionId,investment,fees
NVDA,1137,2026-09-10T01:25:46.413Z,-74.92,3569507436,1499.94,-1.12
GE,1017,2026-09-09T18:00:26.277Z,-43.16,3569791203,1500.0,0.0
IGV,10879,2026-09-08T13:30:09.703Z,99.72,3523504410,750.0,0.0
ETH,100001,2026-09-05T06:45:29.647Z,9.96,3562260712,1350.0,0.0
NEM,1757,2026-09-04T16:14:11.48Z,-13.43,3567819695,1500.0,0.0
XOM,1036,2026-09-04T14:20:20.447Z,-33.07,3567820666,1500.0,0.0
HMC,1038,2026-09-03T16:55:53.977Z,0.0,3567819689,1500.0,0.0
IGV,10879,2026-09-02T13:37:11.217Z,-67.66,3562260714,1350.0,0.0
CRWD,5506,2026-09-02T13:34:39.923Z,-56.11,3562260716,1100.0,0.0
AXP,1009,2026-09-01T13:31:51.243Z,-20.26,3544944779,371.69,0.0
IWM,3005,2026-08-28T19:16:06.133Z,11.13,3523504461,750.0,0.0
BWA,1730,2026-08-28T17:56:18.43Z,5.88,3518842337,704.46,0.0
BWA,1730,2026-08-28T17:56:18.18Z,0.56,3518839818,67.0,0.0
AMZN,1005,2026-08-27T13:38:49.36Z,-30.03,3542914446,562.0,0.0
BKR,4287,2026-08-24T07:50:01.877Z,-28.43,3544861273,562.0,0.0
ASML,4244,2026-08-19T13:51:36.833Z,-29.2,3544944772,562.0,0.0
AAOI,9462,2026-08-19T00:05:01.383Z,-39.07,3549454510,750.0,0.0
AVGO,4236,2026-08-18T17:40:13.117Z,18.48,3476570316,750.0,-0.92
CLS,13589,2026-08-18T13:30:10.917Z,-35.71,3545641020,561.65,0.0
DELL,4261,2026-08-18T02:24:30.503Z,-29.91,3544934524,562.0,0.0
AAOI,9462,2026-08-13T19:49:20.287Z,-29.28,3543359415,562.0,0.0
AAOI,9462,2026-08-12T13:41:18.75Z,-28.2,3540883481,562.0,0.0
AMZN,1005,2026-08-12T13:33:03.853Z,-37.49,3532425102,750.0,0.0
CLS,13589,2026-08-07T14:05:21.88Z,-28.89,3535887741,562.0,0.0
CLS,13589,2026-08-06T13:30:09.743Z,-123.8,3534388252,750.0,0.0
XLU,3013,2026-08-05T14:54:18.887Z,-37.47,3523504601,750.0,0.0
F,1112,2026-08-04T13:51:28.713Z,-37.7,3523268420,750.0,0.0
XBI,4431,2026-08-03T13:34:33.36Z,-37.7,3523504582,750.0,0.0
AMD,1832,2026-07-29T14:40:07Z,-37.75,3476570326,750.0,0.0
XLE,3008,2026-07-27T18:04:04.847Z,-1.53,3523504622,600.61,0.0
AMAT,1706,2026-07-27T14:36:54.97Z,-37.93,3519214950,750.0,0.0
CLSK,6205,2026-07-27T14:10:09.253Z,-38.35,3519218417,750.0,0.0
AAOI,9462,2026-07-27T13:30:17.46Z,-39.0,3519214935,750.0,0.0
ARM,1365,2026-07-24T18:25:08.993Z,-37.59,3519366230,750.0,0.0
ASML,4244,2026-07-20T19:10:06.853Z,33.31,3441527687,250.0,0.0
ASML,4244,2026-07-20T19:10:05.33Z,33.24,3441526249,250.0,0.0
CLSK,6205,2026-07-20T18:14:10.63Z,-1.0,3519210362,750.0,0.0
ASML,4244,2026-07-20T18:14:08.977Z,33.62,3441741205,250.0,0.0
LLY,1567,2026-07-20T18:14:05.76Z,12.19,3476570318,750.0,0.0
XLE,3008,2026-07-20T18:14:04.47Z,52.83,3495617041,664.43,0.0
LRCX,1906,2026-07-20T18:13:59.46Z,14.59,3441745744,250.0,-0.16
LRCX,1906,2026-07-20T18:13:58.143Z,14.59,3441745866,250.0,-0.16
XLF,3004,2026-07-20T18:13:53.59Z,3.01,3507428189,542.83,0.0
SPY,3000,2026-07-20T18:13:52.28Z,-1.99,3481596961,468.67,-0.83
XLI,3019,2026-07-20T18:02:06.197Z,-6.16,3513941643,660.9,0.0
V,1046,2026-07-20T18:02:04.43Z,4.96,3506596373,750.0,0.0
W,100317,2026-07-20T06:10:07.06Z,-3.82,3496933474,70.99,0.0
ALAB,14282,2026-07-17T04:19:17.233Z,-43.42,3469160083,750.0,0.0
AI,8954,2026-07-07T20:23:26.3Z,-37.82,3504407373,700.7,0.0
AEHR,9451,2026-07-02T14:05:17.233Z,-93.39,3461135736,742.88,14.73
AEHR,9451,2026-07-02T14:05:17.22Z,-91.91,3461134477,742.14,14.73
NVDA,1137,2026-06-26T03:10:05.71Z,-41.97,3476570313,750.0,0.0
AMZN,1005,2026-06-25T22:10:03.767Z,-38.08,3476570332,749.99,0.0
META,1003,2026-06-25T17:10:04.523Z,-4.19,3476570364,75.36,-0.05
W,100317,2026-06-25T14:10:05.18Z,-36.2,3495230092,702.3,0.0
GOOGL,6434,2026-06-25T13:10:08.153Z,-37.89,3476570349,750.0,0.0
MSFT,1004,2026-06-11T17:10:04.92Z,-12.56,3441527610,250.0,-0.39
MSFT,1004,2026-06-11T17:10:04.563Z,-12.55,3441526239,250.0,-0.39
META,1003,2026-06-10T16:20:41.033Z,-27.24,3447703738,250.0,3.03
META,1003,2026-06-10T16:20:40.88Z,-26.0,3447503533,250.0,3.03
AMZN,1005,2026-06-10T16:20:40.627Z,-24.8,3447922813,194.87,2.38
AVGO,4236,2026-06-10T15:10:06.167Z,-9.94,3469201622,187.89,0.0
AMZN,1005,2026-06-10T15:10:05.993Z,-39.12,3469160134,749.91,0.0
META,1003,2026-06-10T15:10:05.803Z,-16.38,3422039221,300.0,0.0
META,1003,2026-06-10T09:10:03.497Z,-13.45,3422491037,250.0,0.0
AMD,1832,2026-06-09T16:10:02.977Z,-39.36,3469160132,750.0,0.0
AMZN,1005,2026-06-09T04:05:19.04Z,-25.97,3447703745,250.0,2.9
AEHR,9451,2026-06-08T14:10:03.067Z,-47.04,3469160080,750.0,0.0
ARM,1365,2026-06-08T06:10:03.043Z,-38.76,3469201605,750.0,0.0
NVDA,1137,2026-06-05T17:05:44.347Z,-26.92,3447703743,250.0,1.89
NVDA,1137,2026-06-05T16:05:44.637Z,-26.72,3447503537,250.0,1.88
NVDA,1137,2026-06-05T16:05:44.583Z,-26.89,3447920970,250.0,1.88
ONDS,14356,2026-06-03T19:25:58.66Z,-110.89,3463561645,750.0,0.0
ONDS,14356,2026-06-03T19:25:58.387Z,-103.17,3463563265,697.77,0.0
ONDS,14356,2026-06-03T19:25:58.27Z,-110.89,3463562265,750.0,0.0
ONDS,14356,2026-06-03T19:25:58.15Z,-89.51,3463563009,605.42,0.0
ONDS,14356,2026-06-03T19:25:58.03Z,-34.84,3463563657,235.64,0.0
AMZN,1005,2026-06-03T19:25:57.87Z,-27.78,3447503535,250.0,2.09
AMZN,1005,2026-06-03T19:25:57.68Z,-16.0,3441526246,250.0,0.0
AMZN,1005,2026-06-03T19:25:57.517Z,-14.96,3441741181,250.0,0.0
ONDS,14356,2026-06-02T14:10:13.19Z,-22.31,3463561952,251.12,0.0
GOOGL,6434,2026-06-02T09:10:07.62Z,-13.64,3441741160,249.98,0.0
AMD,1832,2026-06-02T04:10:03.84Z,-45.8,3459571122,750.0,0.41
GOOGL,6434,2026-06-01T22:10:03.14Z,-12.58,3441526241,250.0,0.0
GOOGL,6434,2026-06-01T22:10:03.127Z,-12.56,3441527635,250.0,0.0
ALAB,14282,2026-06-01T21:40:17.6Z,-20.51,3459569099,118.28,0.06
AMZN,1005,2026-06-01T21:40:17.493Z,-65.71,3459558082,750.0,0.4
ALAB,14282,2026-06-01T21:40:17.44Z,-130.08,3459572594,750.0,0.38
GOOG,1002,2026-06-01T21:40:17.177Z,-12.67,3422491030,250.0,0.0
GOOG,1002,2026-06-01T20:51:20.797Z,-12.8,3422523871,250.0,0.0
SNPS,4329,2026-05-28T20:13:55.893Z,-15.49,3441745881,250.0,0.0
SNPS,4329,2026-05-28T20:13:55.76Z,-15.49,3441745759,250.0,0.0
00763.HK,2368,2026-05-22T01:30:01.35Z,-14.8,3424029443,250.0,0.0
00763.HK,2368,2026-05-22T01:30:01.277Z,-12.21,3424030181,200.0,0.0
MSFT,1004,2026-05-21T17:46:24.803Z,-1.53,3447920942,250.0,-0.48
MSFT,1004,2026-05-21T17:46:24.25Z,-10.16,3447703740,250.0,-0.48
MSFT,1004,2026-05-21T17:46:23.67Z,-11.48,3447503531,250.0,-0.48
META,1003,2026-05-21T17:18:44.283Z,2.33,3447922809,250.0,0.28
META,1003,2026-05-21T17:18:43.66Z,2.81,3447920952,250.0,0.28
MSFT,1004,2026-05-21T17:18:43.077Z,-2.49,3447922807,250.0,-0.48
MSFT,1004,2026-05-21T17:18:42.383Z,10.01,3441741152,250.0,-0.4
AMZN,1005,2026-05-21T17:18:41.767Z,1.55,3441527658,250.0,0.0
AMZN,1005,2026-05-21T17:18:41.183Z,22.22,3447920953,250.0,0.28
TSLA,1111,2026-05-21T14:33:38.007Z,-12.8,3441745876,249.99,0.0
TSLA,1111,2026-05-21T14:33:36.833Z,-13.3,3441745752,250.0,0.0
AAPL,1001,2026-05-21T14:19:47.75Z,20.88,3422491027,250.0,-0.17
AXP,1009,2026-05-12T15:00:59.87Z,-11.69,3422036543,350.0,0.0
AXP,1009,2026-05-12T15:00:59.74Z,-9.06,3422491035,250.0,0.0
AXP,1009,2026-05-12T15:00:59.69Z,-11.82,3422039216,350.0,0.0
MSFT,1004,2026-05-12T14:41:33.727Z,0.52,3420851852,49.99,0.0
